<?xml version="1.0" encoding="UTF-8"?><MD_Metadata xmlns:xlink="http://www.w3.org/1999/xlink" xmlns:srv="http://www.isotc211.org/2005/srv" xmlns:gts="http://www.isotc211.org/2005/gts" xmlns:xalan="http://xml.apache.org/xalan" xmlns:gco="http://www.isotc211.org/2005/gco" xmlns:gml="http://www.opengis.net/gml" xmlns:xsi="http://www.w3.org/2001/XMLSchema-instance" xmlns="http://www.isotc211.org/2005/gmd">
<language>
<LanguageCode codeList="http://www.loc.gov/standards/iso639-2/php/code_list.php" codeListValue="eng" codeSpace="ISO639-2">eng</LanguageCode>
</language>
<characterSet>
<MD_CharacterSetCode codeList="http://www.isotc211.org/2005/resources/Codelist/gmxCodelists.xml#MD_CharacterSetCode" codeListValue="utf8" codeSpace="ISOTC211/19115">utf8</MD_CharacterSetCode>
</characterSet>
<hierarchyLevel>
<MD_ScopeCode codeList="http://www.isotc211.org/2005/resources/Codelist/gmxCodelists.xml#MD_ScopeCode" codeListValue="dataset" codeSpace="ISOTC211/19115">dataset</MD_ScopeCode>
</hierarchyLevel>
<hierarchyLevelName>
<gco:CharacterString>dataset</gco:CharacterString>
</hierarchyLevelName>
<contact gco:nilReason="missing"/>
<dateStamp>
<gco:Date>2012-04-10</gco:Date>
</dateStamp>
<metadataStandardName>
<gco:CharacterString>ISO 19139 Geographic Information - Metadata - Implementation Specification</gco:CharacterString>
</metadataStandardName>
<metadataStandardVersion>
<gco:CharacterString>2007</gco:CharacterString>
</metadataStandardVersion>
<spatialRepresentationInfo>
<MD_VectorSpatialRepresentation>
<topologyLevel>
<MD_TopologyLevelCode codeList="http://www.isotc211.org/2005/resources/Codelist/gmxCodelists.xml#MD_TopologyLevelCode" codeListValue="geometryOnly" codeSpace="ISOTC211/19115">geometryOnly</MD_TopologyLevelCode>
</topologyLevel>
<geometricObjects>
<MD_GeometricObjects>
<geometricObjectType>
<MD_GeometricObjectTypeCode codeList="http://www.isotc211.org/2005/resources/Codelist/gmxCodelists.xml#MD_GeometricObjectTypeCode" codeListValue="complex" codeSpace="ISOTC211/19115">complex</MD_GeometricObjectTypeCode>
</geometricObjectType>
<geometricObjectCount>
<gco:Integer>72</gco:Integer>
</geometricObjectCount>
</MD_GeometricObjects>
</geometricObjects>
</MD_VectorSpatialRepresentation>
</spatialRepresentationInfo>
<referenceSystemInfo>
<MD_ReferenceSystem>
<referenceSystemIdentifier>
<RS_Identifier>
<code>
<gco:CharacterString>NAD_1983_StatePlane_Florida_East_FIPS_0901_Feet</gco:CharacterString>
</code>
</RS_Identifier>
</referenceSystemIdentifier>
</MD_ReferenceSystem>
</referenceSystemInfo>
<identificationInfo>
<MD_DataIdentification>
<citation>
<CI_Citation>
<title>
<gco:CharacterString>MDC.DesignatedPlace10Pop</gco:CharacterString>
</title>
<date gco:nilReason="missing"/>
<presentationForm>
<CI_PresentationFormCode codeList="http://www.isotc211.org/2005/resources/Codelist/gmxCodelists.xml#CI_PresentationFormCode" codeListValue="mapDigital" codeSpace="ISOTC211/19115">mapDigital</CI_PresentationFormCode>
</presentationForm>
</CI_Citation>
</citation>
<abstract>
<gco:CharacterString>The TIGER/Line Files include both incorporated places (legal entities) and census designated places or CDPs (statistical entities).  An incorporated place is established to provide governmental functions for a concentration of people as opposed to a minor civil division (MCD), which generally is created to provide services or administer an area without regard, necessarily, to population.  Places always nest within a State, but may extend across county and county subdivision boundaries.  An incorporated place usually is a city, town, village, or borough, but can have other legal descriptions.  CDPs are delineated for the decennial census as the statistical counterparts of incorporated places.  CDPs are delineated to provide data for settled concentrations of population that are identifiable by name, but are not legally incorporated under the laws of the State in which they are located.  The boundaries for CDPs often are defined in partnership with State, local, and/or tribal officials and usually coincide with visible features or the boundary of an adjacent incorporated place or another legal entity.  CDP boundaries often change from one decennial census to the next with changes in the settlement pattern and development; a CDP with the same name as in an earlier census does not necessarily have the same boundary.  The only population/housing size requirement for CDPs for the 2010 Census is that they must contain some housing and population.  The boundaries of all 2010 Census incorporated places are as of January 1, 2010 as reported through the Census Bureau's Boundary and Annexation Survey (BAS).  The boundaries of all 2010 Census CDPs were delineated as part of the Census Bureau's Participant Statistical Areas Program (PSAP).
Updated: Every 10 yrs The data was created using: Projected Coordinate System: WGS_1984_Web_Mercator_Auxiliary_SphereProjection: Mercator_Auxiliary_Sphere</gco:CharacterString>
</abstract>
<purpose>
<gco:CharacterString>A polygon feature class of the 2010 Census Designated Places (CDP) Pop boundaries with population data.</gco:CharacterString>
</purpose>
<descriptiveKeywords>
<MD_Keywords>
<keyword>
<gco:CharacterString>Florida</gco:CharacterString>
</keyword>
<keyword>
<gco:CharacterString>Miami-Dade County</gco:CharacterString>
</keyword>
<keyword>
<gco:CharacterString>MDC</gco:CharacterString>
</keyword>
<keyword>
<gco:CharacterString>County Government</gco:CharacterString>
</keyword>
<keyword>
<gco:CharacterString>Local Government</gco:CharacterString>
</keyword>
<keyword>
<gco:CharacterString>WGS84</gco:CharacterString>
</keyword>
<keyword>
<gco:CharacterString>Demographics</gco:CharacterString>
</keyword>
<keyword>
<gco:CharacterString>Place Pop 2010</gco:CharacterString>
</keyword>
<keyword>
<gco:CharacterString>Census</gco:CharacterString>
</keyword>
<keyword>
<gco:CharacterString>Population</gco:CharacterString>
</keyword>
<keyword>
<gco:CharacterString>Aligned</gco:CharacterString>
</keyword>
<keyword>
<gco:CharacterString>RER</gco:CharacterString>
</keyword>
<keyword>
<gco:CharacterString>Regulatory and Economic Resources</gco:CharacterString>
</keyword>
</MD_Keywords>
</descriptiveKeywords>
<descriptiveKeywords>
<MD_Keywords>
<keyword>
<gco:CharacterString>Florida</gco:CharacterString>
</keyword>
<keyword>
<gco:CharacterString>Miami-Dade County</gco:CharacterString>
</keyword>
<keyword>
<gco:CharacterString>MDC</gco:CharacterString>
</keyword>
<keyword>
<gco:CharacterString>County Government</gco:CharacterString>
</keyword>
<keyword>
<gco:CharacterString>Local Government</gco:CharacterString>
</keyword>
<keyword>
<gco:CharacterString>WGS84</gco:CharacterString>
</keyword>
<keyword>
<gco:CharacterString>Demographics</gco:CharacterString>
</keyword>
<keyword>
<gco:CharacterString>Place Pop 2010</gco:CharacterString>
</keyword>
<keyword>
<gco:CharacterString>Census</gco:CharacterString>
</keyword>
<keyword>
<gco:CharacterString>Population</gco:CharacterString>
</keyword>
<keyword>
<gco:CharacterString>Aligned</gco:CharacterString>
</keyword>
<keyword>
<gco:CharacterString>RER</gco:CharacterString>
</keyword>
<keyword>
<gco:CharacterString>Regulatory and Economic Resources</gco:CharacterString>
</keyword>
</MD_Keywords>
</descriptiveKeywords>
<descriptiveKeywords>
<MD_Keywords>
<keyword>
<gco:CharacterString>Florida</gco:CharacterString>
</keyword>
<keyword>
<gco:CharacterString>Miami-Dade County</gco:CharacterString>
</keyword>
<keyword>
<gco:CharacterString>MDC</gco:CharacterString>
</keyword>
<keyword>
<gco:CharacterString>County Government</gco:CharacterString>
</keyword>
<keyword>
<gco:CharacterString>Local Government</gco:CharacterString>
</keyword>
<keyword>
<gco:CharacterString>WGS84</gco:CharacterString>
</keyword>
<keyword>
<gco:CharacterString>Demographics</gco:CharacterString>
</keyword>
<keyword>
<gco:CharacterString>Place Pop 2010</gco:CharacterString>
</keyword>
<keyword>
<gco:CharacterString>Census</gco:CharacterString>
</keyword>
<keyword>
<gco:CharacterString>Population</gco:CharacterString>
</keyword>
<keyword>
<gco:CharacterString>Aligned</gco:CharacterString>
</keyword>
<keyword>
<gco:CharacterString>RER</gco:CharacterString>
</keyword>
<keyword>
<gco:CharacterString>Regulatory and Economic Resources</gco:CharacterString>
</keyword>
</MD_Keywords>
</descriptiveKeywords>
<descriptiveKeywords>
<MD_Keywords>
<keyword>
<gco:CharacterString>Florida</gco:CharacterString>
</keyword>
<keyword>
<gco:CharacterString>Miami-Dade County</gco:CharacterString>
</keyword>
<keyword>
<gco:CharacterString>MDC</gco:CharacterString>
</keyword>
<keyword>
<gco:CharacterString>County Government</gco:CharacterString>
</keyword>
<keyword>
<gco:CharacterString>Local Government</gco:CharacterString>
</keyword>
<keyword>
<gco:CharacterString>WGS84</gco:CharacterString>
</keyword>
<keyword>
<gco:CharacterString>Demographics</gco:CharacterString>
</keyword>
<keyword>
<gco:CharacterString>Place Pop 2010</gco:CharacterString>
</keyword>
<keyword>
<gco:CharacterString>Census</gco:CharacterString>
</keyword>
<keyword>
<gco:CharacterString>Population</gco:CharacterString>
</keyword>
<keyword>
<gco:CharacterString>Aligned</gco:CharacterString>
</keyword>
<keyword>
<gco:CharacterString>RER</gco:CharacterString>
</keyword>
<keyword>
<gco:CharacterString>Regulatory and Economic Resources</gco:CharacterString>
</keyword>
</MD_Keywords>
</descriptiveKeywords>
<descriptiveKeywords>
<MD_Keywords>
<keyword>
<gco:CharacterString>Florida</gco:CharacterString>
</keyword>
<keyword>
<gco:CharacterString>Miami-Dade County</gco:CharacterString>
</keyword>
<keyword>
<gco:CharacterString>MDC</gco:CharacterString>
</keyword>
<keyword>
<gco:CharacterString>County Government</gco:CharacterString>
</keyword>
<keyword>
<gco:CharacterString>Local Government</gco:CharacterString>
</keyword>
<keyword>
<gco:CharacterString>WGS84</gco:CharacterString>
</keyword>
<keyword>
<gco:CharacterString>Demographics</gco:CharacterString>
</keyword>
<keyword>
<gco:CharacterString>Place Pop 2010</gco:CharacterString>
</keyword>
<keyword>
<gco:CharacterString>Census</gco:CharacterString>
</keyword>
<keyword>
<gco:CharacterString>Population</gco:CharacterString>
</keyword>
<keyword>
<gco:CharacterString>Aligned</gco:CharacterString>
</keyword>
<keyword>
<gco:CharacterString>RER</gco:CharacterString>
</keyword>
<keyword>
<gco:CharacterString>Regulatory and Economic Resources</gco:CharacterString>
</keyword>
</MD_Keywords>
</descriptiveKeywords>
<descriptiveKeywords>
<MD_Keywords>
<keyword>
<gco:CharacterString>Florida</gco:CharacterString>
</keyword>
<keyword>
<gco:CharacterString>Miami-Dade County</gco:CharacterString>
</keyword>
<keyword>
<gco:CharacterString>MDC</gco:CharacterString>
</keyword>
<keyword>
<gco:CharacterString>County Government</gco:CharacterString>
</keyword>
<keyword>
<gco:CharacterString>Local Government</gco:CharacterString>
</keyword>
<keyword>
<gco:CharacterString>WGS84</gco:CharacterString>
</keyword>
<keyword>
<gco:CharacterString>Demographics</gco:CharacterString>
</keyword>
<keyword>
<gco:CharacterString>Place Pop 2010</gco:CharacterString>
</keyword>
<keyword>
<gco:CharacterString>Census</gco:CharacterString>
</keyword>
<keyword>
<gco:CharacterString>Population</gco:CharacterString>
</keyword>
<keyword>
<gco:CharacterString>Aligned</gco:CharacterString>
</keyword>
<keyword>
<gco:CharacterString>RER</gco:CharacterString>
</keyword>
<keyword>
<gco:CharacterString>Regulatory and Economic Resources</gco:CharacterString>
</keyword>
</MD_Keywords>
</descriptiveKeywords>
<descriptiveKeywords>
<MD_Keywords>
<keyword>
<gco:CharacterString>Florida</gco:CharacterString>
</keyword>
<keyword>
<gco:CharacterString>Miami-Dade County</gco:CharacterString>
</keyword>
<keyword>
<gco:CharacterString>MDC</gco:CharacterString>
</keyword>
<keyword>
<gco:CharacterString>County Government</gco:CharacterString>
</keyword>
<keyword>
<gco:CharacterString>Local Government</gco:CharacterString>
</keyword>
<keyword>
<gco:CharacterString>WGS84</gco:CharacterString>
</keyword>
<keyword>
<gco:CharacterString>Demographics</gco:CharacterString>
</keyword>
<keyword>
<gco:CharacterString>Place Pop 2010</gco:CharacterString>
</keyword>
<keyword>
<gco:CharacterString>Census</gco:CharacterString>
</keyword>
<keyword>
<gco:CharacterString>Population</gco:CharacterString>
</keyword>
<keyword>
<gco:CharacterString>Aligned</gco:CharacterString>
</keyword>
<keyword>
<gco:CharacterString>RER</gco:CharacterString>
</keyword>
<keyword>
<gco:CharacterString>Regulatory and Economic Resources</gco:CharacterString>
</keyword>
</MD_Keywords>
</descriptiveKeywords>
<descriptiveKeywords>
<MD_Keywords>
<keyword>
<gco:CharacterString>Florida</gco:CharacterString>
</keyword>
<keyword>
<gco:CharacterString>Miami-Dade County</gco:CharacterString>
</keyword>
<keyword>
<gco:CharacterString>MDC</gco:CharacterString>
</keyword>
<keyword>
<gco:CharacterString>County Government</gco:CharacterString>
</keyword>
<keyword>
<gco:CharacterString>Local Government</gco:CharacterString>
</keyword>
<keyword>
<gco:CharacterString>WGS84</gco:CharacterString>
</keyword>
<keyword>
<gco:CharacterString>Demographics</gco:CharacterString>
</keyword>
<keyword>
<gco:CharacterString>Place Pop 2010</gco:CharacterString>
</keyword>
<keyword>
<gco:CharacterString>Census</gco:CharacterString>
</keyword>
<keyword>
<gco:CharacterString>Population</gco:CharacterString>
</keyword>
<keyword>
<gco:CharacterString>Aligned</gco:CharacterString>
</keyword>
<keyword>
<gco:CharacterString>RER</gco:CharacterString>
</keyword>
<keyword>
<gco:CharacterString>Regulatory and Economic Resources</gco:CharacterString>
</keyword>
</MD_Keywords>
</descriptiveKeywords>
<descriptiveKeywords>
<MD_Keywords>
<keyword>
<gco:CharacterString>Florida</gco:CharacterString>
</keyword>
<keyword>
<gco:CharacterString>Miami-Dade County</gco:CharacterString>
</keyword>
<keyword>
<gco:CharacterString>MDC</gco:CharacterString>
</keyword>
<keyword>
<gco:CharacterString>County Government</gco:CharacterString>
</keyword>
<keyword>
<gco:CharacterString>Local Government</gco:CharacterString>
</keyword>
<keyword>
<gco:CharacterString>WGS84</gco:CharacterString>
</keyword>
<keyword>
<gco:CharacterString>Demographics</gco:CharacterString>
</keyword>
<keyword>
<gco:CharacterString>Place Pop 2010</gco:CharacterString>
</keyword>
<keyword>
<gco:CharacterString>Census</gco:CharacterString>
</keyword>
<keyword>
<gco:CharacterString>Population</gco:CharacterString>
</keyword>
<keyword>
<gco:CharacterString>Aligned</gco:CharacterString>
</keyword>
<keyword>
<gco:CharacterString>RER</gco:CharacterString>
</keyword>
<keyword>
<gco:CharacterString>Regulatory and Economic Resources</gco:CharacterString>
</keyword>
</MD_Keywords>
</descriptiveKeywords>
<descriptiveKeywords>
<MD_Keywords>
<keyword>
<gco:CharacterString>Florida</gco:CharacterString>
</keyword>
<keyword>
<gco:CharacterString>Miami-Dade County</gco:CharacterString>
</keyword>
<keyword>
<gco:CharacterString>MDC</gco:CharacterString>
</keyword>
<keyword>
<gco:CharacterString>County Government</gco:CharacterString>
</keyword>
<keyword>
<gco:CharacterString>Local Government</gco:CharacterString>
</keyword>
<keyword>
<gco:CharacterString>WGS84</gco:CharacterString>
</keyword>
<keyword>
<gco:CharacterString>Demographics</gco:CharacterString>
</keyword>
<keyword>
<gco:CharacterString>Place Pop 2010</gco:CharacterString>
</keyword>
<keyword>
<gco:CharacterString>Census</gco:CharacterString>
</keyword>
<keyword>
<gco:CharacterString>Population</gco:CharacterString>
</keyword>
<keyword>
<gco:CharacterString>Aligned</gco:CharacterString>
</keyword>
<keyword>
<gco:CharacterString>RER</gco:CharacterString>
</keyword>
<keyword>
<gco:CharacterString>Regulatory and Economic Resources</gco:CharacterString>
</keyword>
</MD_Keywords>
</descriptiveKeywords>
<descriptiveKeywords>
<MD_Keywords>
<keyword>
<gco:CharacterString>Florida</gco:CharacterString>
</keyword>
<keyword>
<gco:CharacterString>Miami-Dade County</gco:CharacterString>
</keyword>
<keyword>
<gco:CharacterString>MDC</gco:CharacterString>
</keyword>
<keyword>
<gco:CharacterString>County Government</gco:CharacterString>
</keyword>
<keyword>
<gco:CharacterString>Local Government</gco:CharacterString>
</keyword>
<keyword>
<gco:CharacterString>WGS84</gco:CharacterString>
</keyword>
<keyword>
<gco:CharacterString>Demographics</gco:CharacterString>
</keyword>
<keyword>
<gco:CharacterString>Place Pop 2010</gco:CharacterString>
</keyword>
<keyword>
<gco:CharacterString>Census</gco:CharacterString>
</keyword>
<keyword>
<gco:CharacterString>Population</gco:CharacterString>
</keyword>
<keyword>
<gco:CharacterString>Aligned</gco:CharacterString>
</keyword>
<keyword>
<gco:CharacterString>RER</gco:CharacterString>
</keyword>
<keyword>
<gco:CharacterString>Regulatory and Economic Resources</gco:CharacterString>
</keyword>
</MD_Keywords>
</descriptiveKeywords>
<descriptiveKeywords>
<MD_Keywords>
<keyword>
<gco:CharacterString>Florida</gco:CharacterString>
</keyword>
<keyword>
<gco:CharacterString>Miami-Dade County</gco:CharacterString>
</keyword>
<keyword>
<gco:CharacterString>MDC</gco:CharacterString>
</keyword>
<keyword>
<gco:CharacterString>County Government</gco:CharacterString>
</keyword>
<keyword>
<gco:CharacterString>Local Government</gco:CharacterString>
</keyword>
<keyword>
<gco:CharacterString>WGS84</gco:CharacterString>
</keyword>
<keyword>
<gco:CharacterString>Demographics</gco:CharacterString>
</keyword>
<keyword>
<gco:CharacterString>Place Pop 2010</gco:CharacterString>
</keyword>
<keyword>
<gco:CharacterString>Census</gco:CharacterString>
</keyword>
<keyword>
<gco:CharacterString>Population</gco:CharacterString>
</keyword>
<keyword>
<gco:CharacterString>Aligned</gco:CharacterString>
</keyword>
<keyword>
<gco:CharacterString>RER</gco:CharacterString>
</keyword>
<keyword>
<gco:CharacterString>Regulatory and Economic Resources</gco:CharacterString>
</keyword>
</MD_Keywords>
</descriptiveKeywords>
<descriptiveKeywords>
<MD_Keywords>
<keyword>
<gco:CharacterString>Florida</gco:CharacterString>
</keyword>
<keyword>
<gco:CharacterString>Miami-Dade County</gco:CharacterString>
</keyword>
<keyword>
<gco:CharacterString>MDC</gco:CharacterString>
</keyword>
<keyword>
<gco:CharacterString>County Government</gco:CharacterString>
</keyword>
<keyword>
<gco:CharacterString>Local Government</gco:CharacterString>
</keyword>
<keyword>
<gco:CharacterString>WGS84</gco:CharacterString>
</keyword>
<keyword>
<gco:CharacterString>Demographics</gco:CharacterString>
</keyword>
<keyword>
<gco:CharacterString>Place Pop 2010</gco:CharacterString>
</keyword>
<keyword>
<gco:CharacterString>Census</gco:CharacterString>
</keyword>
<keyword>
<gco:CharacterString>Population</gco:CharacterString>
</keyword>
<keyword>
<gco:CharacterString>Aligned</gco:CharacterString>
</keyword>
<keyword>
<gco:CharacterString>RER</gco:CharacterString>
</keyword>
<keyword>
<gco:CharacterString>Regulatory and Economic Resources</gco:CharacterString>
</keyword>
</MD_Keywords>
</descriptiveKeywords>
<spatialRepresentationType>
<MD_SpatialRepresentationTypeCode codeList="http://www.isotc211.org/2005/resources/Codelist/gmxCodelists.xml#MD_SpatialRepresentationTypeCode" codeListValue="vector" codeSpace="ISOTC211/19115">vector</MD_SpatialRepresentationTypeCode>
</spatialRepresentationType>
<language>
<LanguageCode codeList="http://www.loc.gov/standards/iso639-2/php/code_list.php" codeListValue="eng" codeSpace="ISO639-2">eng</LanguageCode>
</language>
<characterSet>
<MD_CharacterSetCode codeList="http://www.isotc211.org/2005/resources/Codelist/gmxCodelists.xml#MD_CharacterSetCode" codeListValue="utf8" codeSpace="ISOTC211/19115">utf8</MD_CharacterSetCode>
</characterSet>
<environmentDescription>
<gco:CharacterString>ESRI ArcCatalog 9.3.1.3000</gco:CharacterString>
</environmentDescription>
</MD_DataIdentification>
</identificationInfo>
<distributionInfo>
<MD_Distribution>
<distributor>
<MD_Distributor>
<distributorContact gco:nilReason="missing"/>
<distributorFormat>
<MD_Format>
<name>
<gco:CharacterString>Feature Class</gco:CharacterString>
</name>
<version gco:nilReason="missing"/>
</MD_Format>
</distributorFormat>
<distributorTransferOptions>
<MD_DigitalTransferOptions/>
</distributorTransferOptions>
</MD_Distributor>
</distributor>
</MD_Distribution>
</distributionInfo>
</MD_Metadata>
